true_race,predicted_gender_confidence
Black,156.503608590692
East Asian,187.12786621529614
Indian,166.5315663977991
Latino_Hispanic,179.24415478318085
Middle Eastern,176.74567863306396
Southeast Asian,198.5366240060282
White,192.1214163540033
