test,statistic,pvalue
age_error_by_age_bin,2967.294661271265,0.0
gender_conf_by_race,31.10874261297117,2.4165713335450462e-05
