true_race,is_gender_accurate
Black,0.5747282608695652
East Asian,0.6975683890577508
Indian,0.6021341463414634
Latino_Hispanic,0.6550680786686838
Middle Eastern,0.7453027139874739
Southeast Asian,0.6325925925925926
White,0.6745213549337261
