true_age_bin,age_error
0-2,27.738693467336685
3-9,22.92920353982301
10-19,14.771380186282812
20-29,5.948571428571428
30-39,5.154285714285714
40-49,10.42
50-59,18.36285714285714
60-69,26.451724137931034
more than 70,33.50847457627118
