true_race,is_gender_accurate
Black,0.5027173913043478
East Asian,0.49544072948328266
Indian,0.48628048780487804
Latino_Hispanic,0.5249621785173979
Middle Eastern,0.4363256784968685
Southeast Asian,0.4785185185185185
White,0.5169366715758469
