true_age_bin,age_error
0-2,41.06454715068108
3-9,36.0929423580377
10-19,27.898955682885777
20-29,19.48867125704013
30-39,12.262498622643053
40-49,7.527493857979172
50-59,11.642646329450448
60-69,20.984138778189415
more than 70,30.049431719848545
