test,statistic,pvalue
age_error_by_age_bin,2289.5591654275063,0.0
gender_accuracy_by_race,11.368514732216592,0.0776332564378795
